TRUNCATE public.structure CASCADE;
TRUNCATE public.beneficiary CASCADE;
TRUNCATE public.admin CASCADE;
TRUNCATE public.professional CASCADE;
TRUNCATE public.notebook CASCADE;

SET check_function_bodies = false;
INSERT INTO public.admin (id, email, firstname, lastname) VALUES ('a81bc81a-dead-4e5d-abff-90865d1e13b7', 'admin@cdb.fr', 'Carnet de Bord', 'Administrateur');
INSERT INTO public.beneficiary (id, email, lastname, firstname, caf_number, pe_number, postal_code, city, address1, address2, mobile_number, date_of_birth) VALUES ('a81bc81b-dead-4e5d-abff-90865d1e13b1', 'jean.laroche@cdb.fr', 'Laroche', 'Jean', '12345', '89879', '26150', 'Die', '26 rue Camille Buffardel', NULL, '0660203040', '1982-05-12');
INSERT INTO public.beneficiary (id, email, lastname, firstname, caf_number, pe_number, postal_code, city, address1, address2, mobile_number, date_of_birth) VALUES ('a81bc81b-dead-4e5d-abff-90865d1e13a1', 'arthur.lapointe@cdb.fr', 'Lapointe', 'Arthur', '13245', '81879', '75018', 'Paris', '98 rue de la vilette', NULL, '0640203040', '1976-04-28');
INSERT INTO public.beneficiary (id, email, lastname, firstname, caf_number, pe_number, postal_code, city, address1, address2, mobile_number, date_of_birth) VALUES ('a81bc81b-dead-4e5d-abff-90865d1e13d1', 'julie.doeuf@cdb.fr', 'Doeuf', 'Julie', '12345', '89959', '93000', 'Saint denis', '5 avenue de la prairie', NULL, '0660203060', '1995-08-15');
INSERT INTO public.beneficiary (id, email, lastname, firstname, caf_number, pe_number, postal_code, city, address1, address2, mobile_number, date_of_birth) VALUES ('a81bc81b-dead-4e5d-abff-90865d1e13e1', 'laura.estampe@cdb.fr', 'Estampe', 'Laura', '12345', '89369', '93000', 'Saint denis', '98 impasse de la pivoine', NULL, '0660209040', '1974-01-12');
INSERT INTO public.structure (id, siret, name, short_desc, phone, email, postal_code, city, address1, address2, creation_date, modification_date, website) VALUES ('a81bc81b-dead-4e5d-abff-90865d1e13b2', NULL, 'Mission Locale Vallée de la Drôme', NULL, NULL, NULL, '26150', 'Die', '150 Avenue de la Clairette', NULL, NULL, NULL, NULL);
INSERT INTO public.structure (id, siret, name, short_desc, phone, email, postal_code, city, address1, address2, creation_date, modification_date, website) VALUES ('1c52e5ad-e0b9-48b9-a490-105a4effaaea', NULL, 'Pole emploi de la Seine Saint Denis', '', '0137620956', 'contact@pe.com', NULL, 'Saint Denis', NULL, NULL, NULL, NULL, NULL);
INSERT INTO public.professional (id, structure_id, email, lastname, firstname, "position", mobile_number) VALUES ('1a5b817b-6b81-4a4d-9953-26707a54e0e9', '1c52e5ad-e0b9-48b9-a490-105a4effaaea', 'agent@poleemploi.fr', 'Emploi', 'Paul', NULL, NULL);
INSERT INTO public.professional (id, structure_id, email, lastname, firstname, "position", mobile_number) VALUES ('a81bc81b-dead-4e5d-abff-90865d1e13b3', 'a81bc81b-dead-4e5d-abff-90865d1e13b2', 'paul.vercors@cdb.fr', 'Vercors', 'Paul', 'Admin', '0660213723');
INSERT INTO public.account (id, username, type, access_key, access_key_date, last_login, beneficiary_id, professional_id, admin_id, confirmed, onboarding_done) VALUES ('27f2ac67-c4f4-428b-93c3-31422f51658d', 'julie.doeuf', 'beneficiary', NULL, NULL, '2021-07-20 20:08:25.784+00', 'a81bc81b-dead-4e5d-abff-90865d1e13b1', NULL, NULL, true, true);
INSERT INTO public.account (id, username, type, access_key, access_key_date, last_login, beneficiary_id, professional_id, admin_id, confirmed, onboarding_done) VALUES ('83012d46-fba5-4b5b-85a5-b4787cc7aaf6', 'jean.laroche', 'beneficiary', NULL, NULL, '2021-07-20 20:08:25.784+00', 'a81bc81b-dead-4e5d-abff-90865d1e13b1', NULL, NULL, false, true);
INSERT INTO public.account (id, username, type, access_key, access_key_date, last_login, beneficiary_id, professional_id, admin_id, confirmed, onboarding_done) VALUES ('17434464-5f69-40cc-8173-40160958a33d', 'paul.emploi', 'professional', NULL, NULL, '2021-08-23 07:59:48.689+00', NULL, 'a81bc81b-dead-4e5d-abff-90865d1e13b3', NULL, true, true);
INSERT INTO public.account (id, username, type, access_key, access_key_date, last_login, beneficiary_id, professional_id, admin_id, confirmed, onboarding_done) VALUES ('17434464-5f69-40cc-8172-40160958a33d', 'paul.vercors', 'professional', NULL, NULL, '2021-08-23 17:29:48.689+00', NULL, '1a5b817b-6b81-4a4d-9953-26707a54e0e9', NULL, true, true);
INSERT INTO public.account (id, username, type, access_key, access_key_date, last_login, beneficiary_id, professional_id, admin_id, confirmed, onboarding_done) VALUES ('9eee9fea-bf3e-4eb8-8f43-d9b7fd6fae76', 'admin', 'admin', NULL, NULL, '2021-08-23 09:04:49.25+00', NULL, NULL, 'a81bc81a-dead-4e5d-abff-90865d1e13b7', true, false);
INSERT INTO public.notebook (id, beneficiary_id, creation_date, work_situation, right_rsa, right_rqth, right_are, right_ass, right_bonus, geographical_area, education_level, job, work_situation_date, contract_type, contract_sign_date) VALUES ('1b59dc6d-0b74-4515-b947-698e64d8c8cf', 'a81bc81b-dead-4e5d-abff-90865d1e13e1', '2021-07-28 11:25:35.821104+00', NULL, NULL, false, false, false, false, NULL, NULL, NULL, NULL, NULL, NULL);
INSERT INTO public.notebook (id, beneficiary_id, creation_date, work_situation, right_rsa, right_rqth, right_are, right_ass, right_bonus, geographical_area, education_level, job, work_situation_date, contract_type, contract_sign_date) VALUES ('189811a8-2ba9-47d2-800e-018186178911', 'a81bc81b-dead-4e5d-abff-90865d1e13a1', '2021-07-28 11:25:35.821104+00', NULL, NULL, false, false, false, false, NULL, NULL, NULL, NULL, NULL, NULL);
INSERT INTO public.notebook (id, beneficiary_id, creation_date, work_situation, right_rsa, right_rqth, right_are, right_ass, right_bonus, geographical_area, education_level, job, work_situation_date, contract_type, contract_sign_date) VALUES ('db5a59f7-092a-4daa-a180-84365bd1f865', 'a81bc81b-dead-4e5d-abff-90865d1e13b1', '2021-07-28 11:25:35.821104+00', NULL, NULL, false, false, false, false, NULL, NULL, NULL, NULL, NULL, NULL);
INSERT INTO public.notebook (id, beneficiary_id, creation_date, work_situation, right_rsa, right_rqth, right_are, right_ass, right_bonus, geographical_area, education_level, job, work_situation_date, contract_type, contract_sign_date) VALUES ('840509ae-c7c7-421c-a803-f66bbbbf5c0f', 'a81bc81b-dead-4e5d-abff-90865d1e13d1', '2021-07-28 11:25:35.821104+00', 'recherche_emploi', 'rsa_droit_ouvert_versable', true, false, true, false, 'between_20_30', 'level_4', NULL, '2021-08-09', 'ppae', '2021-01-15');
INSERT INTO public.notebook_focus (id, theme, situations, creator_id, notebook_id, creation_date, linked_to) VALUES ('7f43540f-7a04-416c-a517-8962d65f3d5f', 'logement', '["Sans hébergement"]', 'a81bc81b-dead-4e5d-abff-90865d1e13b3', 'db5a59f7-092a-4daa-a180-84365bd1f865', '2021-09-13 13:32:26.378261+00', 'cer');
INSERT INTO public.notebook_focus (id, theme, situations, creator_id, notebook_id, creation_date, linked_to) VALUES ('7f43540f-7a04-416c-a517-8962d65f3d5e', 'sante', NULL, 'a81bc81b-dead-4e5d-abff-90865d1e13b3', 'db5a59f7-092a-4daa-a180-84365bd1f865', '2021-09-13 13:32:26.378261+00', 'cer');
INSERT INTO public.notebook_focus (id, theme, situations, creator_id, notebook_id, creation_date, linked_to) VALUES ('7f43540f-7a04-416c-a517-8962d65f3d5a', 'contraintes_familiales', NULL, 'a81bc81b-dead-4e5d-abff-90865d1e13b3', 'db5a59f7-092a-4daa-a180-84365bd1f865', '2021-09-13 13:32:26.378261+00', 'ppae');
INSERT INTO public.notebook_member (id, notebook_id, professional_id, notebook_visit_date, member_type, notebook_modification_date, creation_date, creator_id, invitation_send_date) VALUES ('40f37976-4a8d-448e-9286-54b3cb9b31d5', '840509ae-c7c7-421c-a803-f66bbbbf5c0f', 'a81bc81b-dead-4e5d-abff-90865d1e13b3', '2021-07-28 12:28:59.625+00', 'referent', NULL, '2021-09-13 13:30:13.262758+00', NULL, NULL);
INSERT INTO public.notebook_member (id, notebook_id, professional_id, notebook_visit_date, member_type, notebook_modification_date, creation_date, creator_id, invitation_send_date) VALUES ('f61a0909-e799-4077-9804-e5745b5f9be9', 'db5a59f7-092a-4daa-a180-84365bd1f865', 'a81bc81b-dead-4e5d-abff-90865d1e13b3', '2021-09-01 15:40:48.84+00', 'referent', NULL, '2021-09-13 13:30:13.262758+00', NULL, NULL);
INSERT INTO public.notebook_member (id, notebook_id, professional_id, notebook_visit_date, member_type, notebook_modification_date, creation_date, creator_id, invitation_send_date) VALUES ('332d76c1-1865-4af2-99c6-c87fa4cf3023', 'db5a59f7-092a-4daa-a180-84365bd1f865', '1a5b817b-6b81-4a4d-9953-26707a54e0e9', '2021-09-13 15:59:18.311+00', 'referent', NULL, '2021-09-13 13:30:13.262758+00', NULL, NULL);
INSERT INTO public.notebook_target (id, focus_id, target, creation_date) VALUES ('4bfc4bff-717c-4ad1-9cff-745313747328', '7f43540f-7a04-416c-a517-8962d65f3d5f', 'Recherche d''un logement', '2021-09-13 13:33:12.354401+00');
